file,begin,end,speaker,overall_log_likelihood,speech_log_likelihood,phone_duration_deviation,snr
testMFA,0.0,11.125873015873015,data,-41.04090507075472,-45.31682678748821,1.2009615940352198,6.218068870613287
